{	
	"block.grass.break": {
	  "sounds": [
		"dig/grass1",
		"dig/grass2",
		"dig/grass3",
		"dig/grass4"
	  ],
	  "subtitle": "subtitles.block.generic.break"
	},
	"block.grass.fall": {
	  "replace": true,
	  "sounds": [
		"dig/grass1",
		"dig/grass2",
		"dig/grass3",
		"dig/grass4"
	  ]
	},
	"block.grass.hit": {
	  "replace": true,
	  "sounds": [
		"dig/grass1",
		"dig/grass2",
		"dig/grass3",
		"dig/grass4"
	  ],
	  "subtitle": "subtitles.block.generic.hit"
	},
	"block.grass.place": {
	  "sounds": [
		"dig/grass1",
		"dig/grass2",
		"dig/grass3",
		"dig/grass4"
	  ],
	  "subtitle": "subtitles.block.generic.place"
	},
	"block.grass.step": {
	  "replace": true,
	  "sounds": [
		"dig/grass1",
		"dig/grass2",
		"dig/grass3",
		"dig/grass4"
	  ],
	  "subtitle": "subtitles.block.generic.footsteps"
	},
  "block.deepslate.break": {
    "replace": true,
    "sounds": [
      "dig/stone1",
      "dig/stone2",
      "dig/stone3",
      "dig/stone4"
    ],
    "subtitle": "subtitles.block.generic.break"
  },
  "block.deepslate.fall": {
    "replace": true,
    "sounds": [
      "dig/stone1",
      "dig/stone2",
      "dig/stone3",
      "dig/stone4"
    ]
  },
  "block.deepslate.hit": {
    "replace": true,
    "sounds": [
      "dig/stone1",
      "dig/stone2",
      "dig/stone3",
      "dig/stone4"
    ],
    "subtitle": "subtitles.block.generic.hit"
  },
  "block.deepslate.place": {
    "replace": true,
    "sounds": [
      "dig/stone1",
      "dig/stone2",
      "dig/stone3",
      "dig/stone4"
    ],
    "subtitle": "subtitles.block.generic.place"
  },
  "block.deepslate.step": {
    "replace": true,
    "sounds": [
      "dig/stone1",
      "dig/stone2",
      "dig/stone3",
      "dig/stone4"
    ],
    "subtitle": "subtitles.block.generic.footsteps"
  },
  "block.stone.step": {
    "replace": true,
    "sounds": [
      "dig/stone1",
      "dig/stone2",
      "dig/stone3",
      "dig/stone4"
    ],
    "subtitle": "subtitles.block.generic.footsteps"
  },
  "block.tuff.break": {
    "replace": true,
    "sounds": [
      "dig/stone1",
      "dig/stone2",
      "dig/stone3",
      "dig/stone4"
    ],
    "subtitle": "subtitles.block.generic.break"
  },
  "block.tuff.fall": {
    "replace": true,
    "sounds": [
      "dig/stone1",
      "dig/stone2",
      "dig/stone3",
      "dig/stone4"
    ]
  },
  "block.tuff.hit": {
    "replace": true,
    "sounds": [
      "dig/stone1",
      "dig/stone2",
      "dig/stone3",
      "dig/stone4"
    ],
    "subtitle": "subtitles.block.generic.hit"
  },
  "block.tuff.place": {
    "replace": true,
    "sounds": [
      "dig/stone1",
      "dig/stone2",
      "dig/stone3",
      "dig/stone4"
    ],
    "subtitle": "subtitles.block.generic.place"
  },
  "block.tuff.step": {
    "replace": true,
    "sounds": [
      "dig/stone1",
      "dig/stone2",
      "dig/stone3",
      "dig/stone4"
    ],
    "subtitle": "subtitles.block.generic.footsteps"},
    "block.netherrack.step": {
      "replace": true,
      "sounds": [
        "dig/stone1",
        "dig/stone2",
        "dig/stone3",
        "dig/stone4",
        "dig/stone5",
        "dig/stone6"
      ],
      "subtitle": "subtitles.block.generic.place"
    },
    "block.netherrack.break": {
      "replace": true,
      "sounds": [
        "dig/stone1",
        "dig/stone2",
        "dig/stone3",
        "dig/stone4",
        "dig/stone5",
        "dig/stone6"
      ],
      "subtitle": "subtitles.block.generic.break"
    },
    "block.basalt.break": {
      "replace": true,
      "sounds": [
        "dig/stone1",
        "dig/stone2",
        "dig/stone3",
        "dig/stone4",
        "dig/stone5"
      ],
      "subtitle": "subtitles.block.generic.break"
    },
    "block.basalt.step": {
      "replace": true,
      "sounds": [
        "dig/stone1",
        "dig/stone2",
        "dig/stone3",
        "dig/stone4",
        "dig/stone5",
        "dig/stone6"
      ],
      "subtitle": "subtitles.block.generic.footsteps"
    },
	"ambient.cave": {
		"category":"ambient",
		"sounds": [{
			"name":"ambient/whomp", 
			"weight":2
		},	
		{
			"name":"ambient/train", 
			"weight":2
		},	
		{
			"name":"ambient/violin", 
			"weight":2
		}		
		]
	},
  "scare.knock.light": {
    "sounds": [
      "scare/knock/knocking_light"
    ],
    "subtitle": "subtitles.scare.knock"
  },
  "music.game.crescent_dunes": {
    "replace": true,
    "sounds": [
      "dig/stone1",
      "dig/stone2",
      "dig/stone3",
      "dig/stone4",
      "dig/stone5",
      "dig/stone6"
    ],
    "subtitle": "subtitles.block.generic.footsteps"
  },
  "music.creative": {
    "replace": true,
    "sounds": [
      {
        "name": "music.game",
        "type": "event"
      },
      {
        "name": "music/game/creative/aria_math",
        "stream": true
      },
      {
        "name": "music/game/creative/biome_fest",
        "stream": true
      },
      {
        "name": "music/game/creative/blind_spots",
        "stream": true
      },
      {
        "name": "music/game/creative/dreiton",
        "stream": true
      },
      {
        "name": "music/game/creative/haunt_muskie",
        "stream": true
      },
      {
        "name": "music/game/creative/taswell",
        "stream": true
      }
    ]
  },
  "music.credits": {
    "replace": true,
    "sounds": [
      {
        "name": "music/game/end/alpha",
        "stream": true
      }
    ]
  },
  "music.dragon": {
    "replace": true,
    "sounds": [
      {
        "name": "music/game/end/boss",
        "stream": true
      }
    ]
  },
  "music.end": {
    "replace": true,
    "sounds": [
      {
        "name": "music/game/end/the_end",
        "stream": true
      }
    ]
  },
  "music.game": {
    "replace": true,
    "sounds": [
      {
        "name": "music/game/clark",
        "stream": true
      },
      {
        "name": "music/game/danny",
        "stream": true
      },
      {
        "name": "music/game/dry_hands",
        "stream": true
      },
      {
        "name": "music/game/haggstrom",
        "stream": true
      },
      {
        "name": "music/game/key",
        "stream": true
      },
      {
        "name": "music/game/living_mice",
        "stream": true
      },
      {
        "name": "music/game/mice_on_venus",
        "stream": true
      },
      {
        "name": "music/game/minecraft",
        "stream": true
      },
      {
        "name": "music/game/oxygene",
        "stream": true
      },
      {
        "name": "music/game/subwoofer_lullaby",
        "stream": true
      },
      {
        "name": "music/game/sweden",
        "stream": true
      },
      {
        "name": "music/game/wet_hands",
        "stream": true
      }
    ]
  },
  "music.menu": {
    "replace": true,
    "sounds": [
      {
        "name": "music/menu/beginning_2",
        "stream": true
      },
      {
        "name": "music/menu/floating_trees",
        "stream": true
      },
      {
        "name": "music/menu/moog_city_2",
        "stream": true
      },
      {
        "name": "music/menu/mutation",
        "stream": true
      }
    ]
  },
  "music.nether.basalt_deltas": {
    "replace": true,
    "sounds": [
      {
        "name": "music/game/nether/ballad_of_the_cats",
        "stream": true
      },
      {
        "name": "music/game/nether/concrete_halls",
        "stream": true
      },
      {
        "name": "music/game/nether/dead_voxel",
        "stream": true
      },
      {
        "name": "music/game/nether/warmth",
        "stream": true
      }
    ]
  },
  "music.nether.crimson_forest": {
    "replace": true,
    "sounds": [
      {
        "name": "music/game/nether/ballad_of_the_cats",
        "stream": true
      },
      {
        "name": "music/game/nether/concrete_halls",
        "stream": true
      },
      {
        "name": "music/game/nether/dead_voxel",
        "stream": true
      },
      {
        "name": "music/game/nether/warmth",
        "stream": true
      }
    ]
  },
  "music.nether.nether_wastes": {
    "replace": true,
    "sounds": [
      {
        "name": "music/game/nether/ballad_of_the_cats",
        "stream": true
      },
      {
        "name": "music/game/nether/concrete_halls",
        "stream": true
      },
      {
        "name": "music/game/nether/dead_voxel",
        "stream": true
      },
      {
        "name": "music/game/nether/warmth",
        "stream": true
      }
    ]
  },
  "music.nether.soul_sand_valley": {
    "replace": true,
    "sounds": [
      {
        "name": "music/game/nether/ballad_of_the_cats",
        "stream": true
      },
      {
        "name": "music/game/nether/concrete_halls",
        "stream": true
      },
      {
        "name": "music/game/nether/dead_voxel",
        "stream": true
      },
      {
        "name": "music/game/nether/warmth",
        "stream": true
      }
    ]
  },
  "music.nether.warped_forest": {
    "replace": true,
    "sounds": [
      {
        "name": "music/game/nether/ballad_of_the_cats",
        "stream": true
      },
      {
        "name": "music/game/nether/concrete_halls",
        "stream": true
      },
      {
        "name": "music/game/nether/dead_voxel",
        "stream": true
      },
      {
        "name": "music/game/nether/warmth",
        "stream": true
      }
    ]
  },
  "music.overworld.badlands": {
    "replace": true,
    "sounds": [
      {
        "name": "music/game/danny",
        "stream": true
      },
      {
        "name": "music/game/dry_hands",
        "stream": true
      },
      {
        "name": "music/game/haggstrom",
        "stream": true
      },
      {
        "name": "music/game/key",
        "stream": true
      },
      {
        "name": "music/game/living_mice",
        "stream": true
      },
      {
        "name": "music/game/mice_on_venus",
        "stream": true
      },
      {
        "name": "music/game/oxygene",
        "stream": true
      },
      {
        "name": "music/game/subwoofer_lullaby",
        "stream": true
      },
      {
        "name": "music/game/wet_hands",
        "stream": true
      }
    ]
  },
  "music.overworld.bamboo_jungle": {
    "replace": true,
    "sounds": [
      {
        "name": "music/game/danny",
        "stream": true
      },
      {
        "name": "music/game/dry_hands",
        "stream": true
      },
      {
        "name": "music/game/haggstrom",
        "stream": true
      },
      {
        "name": "music/game/key",
        "stream": true
      },
      {
        "name": "music/game/living_mice",
        "stream": true
      },
      {
        "name": "music/game/mice_on_venus",
        "stream": true
      },
      {
        "name": "music/game/oxygene",
        "stream": true
      },
      {
        "name": "music/game/subwoofer_lullaby",
        "stream": true
      },
      {
        "name": "music/game/wet_hands",
        "stream": true
      }
    ]
  },
  "music.overworld.cherry_grove": {
    "replace": true,
    "sounds": [
      {
        "name": "music/game/clark",
        "stream": true
      },
      {
        "name": "music/game/minecraft",
        "stream": true
      },
      {
        "name": "music/game/sweden",
        "stream": true
      }
    ]
  },
  "music.overworld.deep_dark": {
    "replace": true,
    "sounds": [
      {
        "name": "music/game/ancestry",
        "stream": true
      }
    ]
  },
  "music.overworld.desert": {
    "replace": true,
    "sounds": [
      {
        "name": "music/game/danny",
        "stream": true
      },
      {
        "name": "music/game/haggstrom",
        "stream": true
      },
      {
        "name": "music/game/key",
        "stream": true
      },
      {
        "name": "music/game/living_mice",
        "stream": true
      },
      {
        "name": "music/game/oxygene",
        "stream": true
      },
      {
        "name": "music/game/subwoofer_lullaby",
        "stream": true
      }
    ]
  },
  "music.overworld.dripstone_caves": {
    "replace": true,
    "sounds": [
      {
        "name": "music/game/danny",
        "stream": true
      },
      {
        "name": "music/game/key",
        "stream": true
      },
      {
        "name": "music/game/oxygene",
        "stream": true
      },
      {
        "name": "music/game/subwoofer_lullaby",
        "stream": true
      }
    ]
  },
  "music.overworld.flower_forest": {
    "replace": true,
    "sounds": [
      {
        "name": "music/game/danny",
        "stream": true
      },
      {
        "name": "music/game/haggstrom",
        "stream": true
      },
      {
        "name": "music/game/key",
        "stream": true
      },
      {
        "name": "music/game/living_mice",
        "stream": true
      },
      {
        "name": "music/game/oxygene",
        "stream": true
      },
      {
        "name": "music/game/subwoofer_lullaby",
        "stream": true
      }
    ]
  },
  "music.overworld.forest": {
    "replace": true,
    "sounds": [
      {
        "name": "music/game/clark",
        "stream": true
      },
      {
        "name": "music/game/danny",
        "stream": true
      },
      {
        "name": "music/game/dry_hands",
        "stream": true
      },
      {
        "name": "music/game/haggstrom",
        "stream": true
      },
      {
        "name": "music/game/key",
        "stream": true
      },
      {
        "name": "music/game/living_mice",
        "stream": true
      },
      {
        "name": "music/game/mice_on_venus",
        "stream": true
      },
      {
        "name": "music/game/minecraft",
        "stream": true
      },
      {
        "name": "music/game/oxygene",
        "stream": true
      },
      {
        "name": "music/game/subwoofer_lullaby",
        "stream": true
      },
      {
        "name": "music/game/sweden",
        "stream": true
      },
      {
        "name": "music/game/wet_hands",
        "stream": true
      }
    ]
  },
  "music.overworld.frozen_peaks": {
    "replace": true,
    "sounds": [
      {
        "name": "music/game/danny",
        "stream": true
      },
      {
        "name": "music/game/dry_hands",
        "stream": true
      },
      {
        "name": "music/game/haggstrom",
        "stream": true
      },
      {
        "name": "music/game/living_mice",
        "stream": true
      },
      {
        "name": "music/game/mice_on_venus",
        "stream": true
      },
      {
        "name": "music/game/subwoofer_lullaby",
        "stream": true
      },
      {
        "name": "music/game/wet_hands",
        "stream": true
      }
    ]
  },
  "music.overworld.grove": {
    "replace": true,
    "sounds": [
      {
        "name": "music/game/clark",
        "stream": true
      },
      {
        "name": "music/game/key",
        "stream": true
      },
      {
        "name": "music/game/mice_on_venus",
        "stream": true
      },
      {
        "name": "music/game/minecraft",
        "stream": true
      },
      {
        "name": "music/game/oxygene",
        "stream": true
      },
      {
        "name": "music/game/sweden",
        "stream": true
      }
    ]
  },
  "music.overworld.jagged_peaks": {
    "replace": true,
    "sounds": [
      {
        "name": "music/game/dry_hands",
        "stream": true
      },
      {
        "name": "music/game/key",
        "stream": true
      },
      {
        "name": "music/game/living_mice",
        "stream": true
      },
      {
        "name": "music/game/mice_on_venus",
        "stream": true
      },
      {
        "name": "music/game/oxygene",
        "stream": true
      },
      {
        "name": "music/game/subwoofer_lullaby",
        "stream": true
      },
      {
        "name": "music/game/wet_hands",
        "stream": true
      }
    ]
  },
  "music.overworld.jungle": {
    "replace": true,
    "sounds": [
      {
        "name": "music/game/danny",
        "stream": true
      },
      {
        "name": "music/game/dry_hands",
        "stream": true
      },
      {
        "name": "music/game/haggstrom",
        "stream": true
      },
      {
        "name": "music/game/key",
        "stream": true
      },
      {
        "name": "music/game/living_mice",
        "stream": true
      },
      {
        "name": "music/game/mice_on_venus",
        "stream": true
      },
      {
        "name": "music/game/oxygene",
        "stream": true
      },
      {
        "name": "music/game/subwoofer_lullaby",
        "stream": true
      },
      {
        "name": "music/game/wet_hands",
        "stream": true
      }
    ]
  },
  "music.overworld.lush_caves": {
    "replace": true,
    "sounds": [
      {
        "name": "music/game/clark",
        "stream": true,
        "weight": 2
      },
      {
        "name": "music/game/mice_on_venus",
        "stream": true,
        "weight": 2
      },
      {
        "name": "music/game/minecraft",
        "stream": true,
        "weight": 2
      },
      {
        "name": "music/game/sweden",
        "stream": true,
        "weight": 2
      }
    ]
  },
  "music.overworld.meadow": {
    "replace": true,
    "sounds": [
      {
        "name": "music/game/danny",
        "stream": true
      },
      {
        "name": "music/game/haggstrom",
        "stream": true
      },
      {
        "name": "music/game/living_mice",
        "stream": true
      },
      {
        "name": "music/game/subwoofer_lullaby",
        "stream": true
      }
    ]
  },
  "music.overworld.old_growth_taiga": {
    "replace": true,
    "sounds": [
      {
        "name": "music/game/clark",
        "stream": true,
        "weight": 3
      },
      {
        "name": "music/game/danny",
        "stream": true,
        "weight": 3
      },
      {
        "name": "music/game/dry_hands",
        "stream": true,
        "weight": 3
      },
      {
        "name": "music/game/haggstrom",
        "stream": true,
        "weight": 3
      },
      {
        "name": "music/game/key",
        "stream": true,
        "weight": 3
      },
      {
        "name": "music/game/living_mice",
        "stream": true,
        "weight": 3
      },
      {
        "name": "music/game/mice_on_venus",
        "stream": true,
        "weight": 3
      },
      {
        "name": "music/game/minecraft",
        "stream": true,
        "weight": 3
      },
      {
        "name": "music/game/oxygene",
        "stream": true,
        "weight": 3
      },
      {
        "name": "music/game/subwoofer_lullaby",
        "stream": true,
        "weight": 3
      },
      {
        "name": "music/game/sweden",
        "stream": true,
        "weight": 3
      },
      {
        "name": "music/game/wet_hands",
        "stream": true,
        "weight": 3
      }
    ]
  },
  "music.overworld.snowy_slopes": {
    "replace": true,
    "sounds": [
      {
        "name": "music/game/haggstrom",
        "stream": true
      },
      {
        "name": "music/game/living_mice",
        "stream": true
      },
      {
        "name": "music/game/subwoofer_lullaby",
        "stream": true
      }
    ]
  },
  "music.overworld.sparse_jungle": {
    "replace": true,
    "sounds": [
      {
        "name": "music/game/danny",
        "stream": true
      },
      {
        "name": "music/game/dry_hands",
        "stream": true
      },
      {
        "name": "music/game/haggstrom",
        "stream": true
      },
      {
        "name": "music/game/key",
        "stream": true
      },
      {
        "name": "music/game/living_mice",
        "stream": true
      },
      {
        "name": "music/game/mice_on_venus",
        "stream": true
      },
      {
        "name": "music/game/oxygene",
        "stream": true
      },
      {
        "name": "music/game/subwoofer_lullaby",
        "stream": true
      },
      {
        "name": "music/game/wet_hands",
        "stream": true
      }
    ]
  },
  "music.overworld.stony_peaks": {
    "replace": true,
    "sounds": [
      {
        "name": "music/game/danny",
        "stream": true
      },
      {
        "name": "music/game/dry_hands",
        "stream": true
      },
      {
        "name": "music/game/haggstrom",
        "stream": true
      },
      {
        "name": "music/game/living_mice",
        "stream": true
      },
      {
        "name": "music/game/mice_on_venus",
        "stream": true
      },
      {
        "name": "music/game/subwoofer_lullaby",
        "stream": true
      },
      {
        "name": "music/game/wet_hands",
        "stream": true
      }
    ]
  },
  "music.overworld.swamp": {
    "replace": true,
    "sounds": [
        {
            "name": "music/game/danny",
            "stream": true
          },
          {
            "name": "music/game/dry_hands",
            "stream": true
          },
          {
            "name": "music/game/haggstrom",
            "stream": true
          },
          {
            "name": "music/game/living_mice",
            "stream": true
          },
          {
            "name": "music/game/mice_on_venus",
            "stream": true
          },
          {
            "name": "music/game/subwoofer_lullaby",
            "stream": true
          },
          {
            "name": "music/game/wet_hands",
            "stream": true
          }
    ]
  }				
}
