{
	"credit": "Made with Blockbench",
	"textures": {
		"0": "block/cobweb",
		"particle": "block/cobweb"
	},
	"elements": [
		{
			"from": [6, 6, 6],
			"to": [10, 10, 10],
			"rotation": {"angle": 0, "axis": "y", "origin": [8, 8, 8]},
			"faces": {
				"north": {"uv": [7, 7, 9, 9], "texture": "#0"},
				"east": {"uv": [7, 7, 9, 9], "texture": "#0"},
				"south": {"uv": [7, 7, 9, 9], "texture": "#0"},
				"west": {"uv": [7, 7, 9, 9], "texture": "#0"},
				"up": {"uv": [7, 7, 9, 9], "texture": "#0"},
				"down": {"uv": [7, 7, 9, 9], "texture": "#0"}
			}
		}
	],
	"display": {
		"head": {
			"translation": [0, -25.75, 0],
			"scale": [2.5, 2.5, 2.5]
		}
	}
}