{
    "targets": [
        "swap"
    ],
    "passes": [
        {
            "name": "color_convolve",
            "intarget": "minecraft:main",
            "outtarget": "swap",
            "uniforms": [
                {
                    "name": "RedMatrix",
                    "values": [ 0.0, 0.0, 0.0 ]
                },
                {
                    "name": "GreenMatrix",
                    "values": [ 0.3, 0.59, 0.11 ]
                },
                {
                    "name": "BlueMatrix",
                    "values": [ 0.0, 0.0, 0.0 ]
                }
            ]
        },
        {
            "name": "bits",
            "intarget": "swap",
            "outtarget": "minecraft:main",
            "uniforms": [
                {
                    "name": "Resolution",
                    "values": [ 16.0 ]
                }
            ]
        }
    ]
}
