{
	"credit": "Made with Blockbench",
	"textures": {
		"particle": "item/clock_00",
		"layer0": "item/clock_00"
	},
	"elements": [
		{
			"from": [0, 0, 8.5],
			"to": [16, 16, 8.5],
			"rotation": {"angle": 0, "axis": "y", "origin": [8, 8, 7.5]},
			"faces": {
				"north": {"uv": [16, 0, 0, 16], "texture": "#layer0"},
				"east": {"uv": [0, 0, 16, 16], "texture": "#layer0"},
				"south": {"uv": [0, 0, 16, 16], "texture": "#layer0"},
				"west": {"uv": [0, 0, 16, 16], "texture": "#layer0"},
				"up": {"uv": [0, 0, 16, 16], "rotation": 180, "texture": "#layer0"},
				"down": {"uv": [0, 0, 16, 16], "rotation": 180, "texture": "#layer0"}
			}
		},
		{
			"from": [0, 0, 7.5],
			"to": [16, 16, 7.5],
			"rotation": {"angle": 0, "axis": "y", "origin": [8, 8, 7.5]},
			"faces": {
				"north": {"uv": [16, 0, 0, 16], "texture": "#layer0"},
				"east": {"uv": [0, 0, 16, 16], "texture": "#layer0"},
				"south": {"uv": [0, 0, 16, 16], "texture": "#layer0"},
				"west": {"uv": [0, 0, 16, 16], "texture": "#layer0"},
				"up": {"uv": [0, 0, 16, 16], "rotation": 180, "texture": "#layer0"},
				"down": {"uv": [0, 0, 16, 16], "rotation": 180, "texture": "#layer0"}
			}
		},
		{
			"from": [1, 5, 7.5],
			"to": [2, 11, 8.5],
			"rotation": {"angle": 0, "axis": "y", "origin": [8, 8, 7.5]},
			"faces": {
				"north": {"uv": [1, 5, 2, 11], "texture": "#layer0"},
				"east": {"uv": [1, 5, 2, 11], "texture": "#layer0"},
				"south": {"uv": [1, 5, 2, 11], "texture": "#layer0"},
				"west": {"uv": [1, 5, 2, 11], "texture": "#layer0"},
				"up": {"uv": [1, 5, 2, 6], "rotation": 180, "texture": "#layer0"},
				"down": {"uv": [1, 9, 2, 10], "rotation": 180, "texture": "#layer0"}
			}
		},
		{
			"from": [2, 11, 7.5],
			"to": [3, 13, 8.5],
			"rotation": {"angle": 0, "axis": "y", "origin": [8, 8, 7.5]},
			"faces": {
				"north": {"uv": [2, 3, 3, 5], "texture": "#layer0"},
				"east": {"uv": [2, 3, 3, 5], "texture": "#layer0"},
				"south": {"uv": [2, 3, 3, 5], "texture": "#layer0"},
				"west": {"uv": [2, 3, 3, 5], "texture": "#layer0"},
				"up": {"uv": [2, 3, 3, 5], "rotation": 180, "texture": "#layer0"},
				"down": {"uv": [2, 3, 3, 5], "rotation": 180, "texture": "#layer0"}
			}
		},
		{
			"from": [3, 13, 7.5],
			"to": [4, 14, 8.5],
			"rotation": {"angle": 0, "axis": "y", "origin": [8, 8, 7.5]},
			"faces": {
				"north": {"uv": [2, 3, 3, 5], "texture": "#layer0"},
				"east": {"uv": [2, 3, 3, 5], "texture": "#layer0"},
				"south": {"uv": [2, 3, 3, 5], "texture": "#layer0"},
				"west": {"uv": [2, 3, 3, 5], "texture": "#layer0"},
				"up": {"uv": [2, 3, 3, 5], "rotation": 180, "texture": "#layer0"},
				"down": {"uv": [2, 3, 3, 5], "rotation": 180, "texture": "#layer0"}
			}
		},
		{
			"from": [4, 14, 7.5],
			"to": [6, 15, 8.5],
			"rotation": {"angle": 0, "axis": "y", "origin": [8, 8, 7.5]},
			"faces": {
				"north": {"uv": [2, 3, 3, 5], "texture": "#layer0"},
				"east": {"uv": [2, 3, 3, 5], "texture": "#layer0"},
				"south": {"uv": [2, 3, 3, 5], "texture": "#layer0"},
				"west": {"uv": [2, 3, 3, 5], "texture": "#layer0"},
				"up": {"uv": [2, 3, 3, 5], "rotation": 180, "texture": "#layer0"},
				"down": {"uv": [2, 3, 3, 5], "rotation": 180, "texture": "#layer0"}
			}
		},
		{
			"from": [6, 15, 7.5],
			"to": [10, 16, 8.5],
			"rotation": {"angle": 0, "axis": "y", "origin": [8, 8, 7.5]},
			"faces": {
				"north": {"uv": [2, 3, 3, 5], "texture": "#layer0"},
				"east": {"uv": [2, 3, 3, 5], "texture": "#layer0"},
				"south": {"uv": [2, 3, 3, 5], "texture": "#layer0"},
				"west": {"uv": [2, 3, 3, 5], "texture": "#layer0"},
				"up": {"uv": [2, 3, 3, 5], "rotation": 180, "texture": "#layer0"},
				"down": {"uv": [2, 3, 3, 5], "rotation": 180, "texture": "#layer0"}
			}
		},
		{
			"from": [10, 14, 7.5],
			"to": [12, 15, 8.5],
			"rotation": {"angle": 0, "axis": "y", "origin": [8, 8, 7.5]},
			"faces": {
				"north": {"uv": [2, 3, 3, 5], "texture": "#layer0"},
				"east": {"uv": [2, 3, 3, 5], "texture": "#layer0"},
				"south": {"uv": [2, 3, 3, 5], "texture": "#layer0"},
				"west": {"uv": [2, 3, 3, 5], "texture": "#layer0"},
				"up": {"uv": [2, 3, 3, 5], "rotation": 180, "texture": "#layer0"},
				"down": {"uv": [2, 3, 3, 5], "rotation": 180, "texture": "#layer0"}
			}
		},
		{
			"from": [12, 13, 7.5],
			"to": [13, 14, 8.5],
			"rotation": {"angle": 0, "axis": "y", "origin": [8, 8, 7.5]},
			"faces": {
				"north": {"uv": [2, 3, 3, 5], "texture": "#layer0"},
				"east": {"uv": [2, 3, 3, 5], "texture": "#layer0"},
				"south": {"uv": [2, 3, 3, 5], "texture": "#layer0"},
				"west": {"uv": [2, 3, 3, 5], "texture": "#layer0"},
				"up": {"uv": [2, 3, 3, 5], "rotation": 180, "texture": "#layer0"},
				"down": {"uv": [2, 3, 3, 5], "rotation": 180, "texture": "#layer0"}
			}
		},
		{
			"from": [13, 11, 7.5],
			"to": [14, 13, 8.5],
			"rotation": {"angle": 0, "axis": "y", "origin": [8, 8, 7.5]},
			"faces": {
				"north": {"uv": [13, 3, 14, 5], "texture": "#layer0"},
				"east": {"uv": [13, 3, 14, 5], "texture": "#layer0"},
				"south": {"uv": [13, 3, 14, 5], "texture": "#layer0"},
				"west": {"uv": [13, 3, 14, 5], "texture": "#layer0"},
				"up": {"uv": [13, 3, 14, 4], "rotation": 180, "texture": "#layer0"},
				"down": {"uv": [13, 3, 14, 4], "rotation": 180, "texture": "#layer0"}
			}
		},
		{
			"from": [14, 5, 7.5],
			"to": [15, 11, 8.5],
			"rotation": {"angle": 0, "axis": "y", "origin": [8, 8, 7.5]},
			"faces": {
				"north": {"uv": [14, 5, 15, 6], "texture": "#layer0"},
				"east": {"uv": [14, 5, 15, 6], "texture": "#layer0"},
				"south": {"uv": [14, 5, 15, 6], "texture": "#layer0"},
				"west": {"uv": [14, 5, 15, 6], "texture": "#layer0"},
				"up": {"uv": [14, 5, 15, 6], "rotation": 180, "texture": "#layer0"},
				"down": {"uv": [14, 5, 15, 6], "rotation": 180, "texture": "#layer0"}
			}
		},
		{
			"from": [13, 3, 7.5],
			"to": [14, 5, 8.5],
			"rotation": {"angle": 0, "axis": "y", "origin": [8, 8, 7.5]},
			"faces": {
				"north": {"uv": [14, 5, 15, 6], "texture": "#layer0"},
				"east": {"uv": [14, 5, 15, 6], "texture": "#layer0"},
				"south": {"uv": [14, 5, 15, 6], "texture": "#layer0"},
				"west": {"uv": [14, 5, 15, 6], "texture": "#layer0"},
				"up": {"uv": [14, 5, 15, 6], "rotation": 180, "texture": "#layer0"},
				"down": {"uv": [14, 5, 15, 6], "rotation": 180, "texture": "#layer0"}
			}
		},
		{
			"from": [12, 2, 7.5],
			"to": [13, 3, 8.5],
			"rotation": {"angle": 0, "axis": "y", "origin": [8, 8, 7.5]},
			"faces": {
				"north": {"uv": [14, 5, 15, 6], "texture": "#layer0"},
				"east": {"uv": [14, 5, 15, 6], "texture": "#layer0"},
				"south": {"uv": [14, 5, 15, 6], "texture": "#layer0"},
				"west": {"uv": [14, 5, 15, 6], "texture": "#layer0"},
				"up": {"uv": [14, 5, 15, 6], "rotation": 180, "texture": "#layer0"},
				"down": {"uv": [14, 5, 15, 6], "rotation": 180, "texture": "#layer0"}
			}
		},
		{
			"from": [10, 1, 7.5],
			"to": [12, 2, 8.5],
			"rotation": {"angle": 0, "axis": "y", "origin": [8, 8, 7.5]},
			"faces": {
				"north": {"uv": [14, 5, 15, 6], "texture": "#layer0"},
				"east": {"uv": [14, 5, 15, 6], "texture": "#layer0"},
				"south": {"uv": [14, 5, 15, 6], "texture": "#layer0"},
				"west": {"uv": [14, 5, 15, 6], "texture": "#layer0"},
				"up": {"uv": [14, 5, 15, 6], "rotation": 180, "texture": "#layer0"},
				"down": {"uv": [14, 5, 15, 6], "rotation": 180, "texture": "#layer0"}
			}
		},
		{
			"from": [6, 0, 7.5],
			"to": [10, 1, 8.5],
			"rotation": {"angle": 0, "axis": "y", "origin": [8, 8, 7.5]},
			"faces": {
				"north": {"uv": [14, 5, 15, 6], "texture": "#layer0"},
				"east": {"uv": [14, 5, 15, 6], "texture": "#layer0"},
				"south": {"uv": [14, 5, 15, 6], "texture": "#layer0"},
				"west": {"uv": [14, 5, 15, 6], "texture": "#layer0"},
				"up": {"uv": [14, 5, 15, 6], "rotation": 180, "texture": "#layer0"},
				"down": {"uv": [14, 5, 15, 6], "rotation": 180, "texture": "#layer0"}
			}
		},
		{
			"from": [4, 1, 7.5],
			"to": [6, 2, 8.5],
			"rotation": {"angle": 0, "axis": "y", "origin": [8, 8, 7.5]},
			"faces": {
				"north": {"uv": [14, 5, 15, 6], "texture": "#layer0"},
				"east": {"uv": [14, 5, 15, 6], "texture": "#layer0"},
				"south": {"uv": [14, 5, 15, 6], "texture": "#layer0"},
				"west": {"uv": [14, 5, 15, 6], "texture": "#layer0"},
				"up": {"uv": [14, 5, 15, 6], "rotation": 180, "texture": "#layer0"},
				"down": {"uv": [14, 5, 15, 6], "rotation": 180, "texture": "#layer0"}
			}
		},
		{
			"from": [3, 2, 7.5],
			"to": [4, 3, 8.5],
			"rotation": {"angle": 0, "axis": "y", "origin": [8, 8, 7.5]},
			"faces": {
				"north": {"uv": [14, 5, 15, 6], "texture": "#layer0"},
				"east": {"uv": [14, 5, 15, 6], "texture": "#layer0"},
				"south": {"uv": [14, 5, 15, 6], "texture": "#layer0"},
				"west": {"uv": [14, 5, 15, 6], "texture": "#layer0"},
				"up": {"uv": [14, 5, 15, 6], "rotation": 180, "texture": "#layer0"},
				"down": {"uv": [14, 5, 15, 6], "rotation": 180, "texture": "#layer0"}
			}
		},
		{
			"from": [2, 3, 7.5],
			"to": [3, 5, 8.5],
			"rotation": {"angle": 0, "axis": "y", "origin": [8, 8, 7.5]},
			"faces": {
				"north": {"uv": [14, 5, 15, 6], "texture": "#layer0"},
				"east": {"uv": [14, 5, 15, 6], "texture": "#layer0"},
				"south": {"uv": [14, 5, 15, 6], "texture": "#layer0"},
				"west": {"uv": [14, 5, 15, 6], "texture": "#layer0"},
				"up": {"uv": [14, 5, 15, 6], "rotation": 180, "texture": "#layer0"},
				"down": {"uv": [14, 5, 15, 6], "rotation": 180, "texture": "#layer0"}
			}
		}
	],
	"gui_light": "front",
	"display": {
		"thirdperson_righthand": {
			"translation": [0, 3, 1],
			"scale": [0.55, 0.55, 0.55]
		},
		"thirdperson_lefthand": {
			"translation": [0, 3, 1],
			"scale": [0.55, 0.55, 0.55]
		},
		"firstperson_righthand": {
			"rotation": [0, -90, 25],
			"translation": [1.13, 13, 1.13],
			"scale": [0.68, 0.68, 0.68]
		},
		"firstperson_lefthand": {
			"rotation": [0, -90, 25],
			"translation": [1.13, 3.2, 1.13],
			"scale": [0.68, 0.68, 0.68]
		},
		"ground": {
			"translation": [0, 2, 0],
			"scale": [0.5, 0.5, 0.5]
		},
		"head": {
			"rotation": [0, 180, 0],
			"translation": [0, 13, 7]
		},
		"fixed": {
			"rotation": [0, 180, 0]
		}
	},
	"groups": [
		{
			"name": "group",
			"origin": [0, 0, 0],
			"color": 0,
			"nbt": "{}",
			"children": [0, 1, 2, 3, 4, 5, 6, 7, 8, 9, 10, 11, 12, 13, 14, 15, 16, 17]
		}
	]
}