{
	"credit": "Made with Blockbench",
	"textures": {
		"0": "item/compass_01",
		"particle": "item/compass_01"
	},
	"elements": [
		{
			"from": [0, 0, 8.5],
			"to": [16, 16, 8.5],
			"rotation": {"angle": 0, "axis": "y", "origin": [8, 8, 8.5]},
			"faces": {
				"east": {"uv": [0, 0, 0, 16], "texture": "#missing"},
				"south": {"uv": [0, 0, 16, 16], "texture": "#0"},
				"west": {"uv": [0, 0, 0, 16], "texture": "#missing"},
				"up": {"uv": [0, 0, 16, 0], "texture": "#missing"},
				"down": {"uv": [0, 0, 16, 0], "texture": "#missing"}
			}
		},
		{
			"from": [0, 0, 7.5],
			"to": [16, 16, 7.5],
			"rotation": {"angle": 0, "axis": "y", "origin": [8, 8, 8.5]},
			"faces": {
				"north": {"uv": [16, 0, 0, 16], "texture": "#0"},
				"east": {"uv": [0, 0, 0, 16], "texture": "#missing"},
				"west": {"uv": [0, 0, 0, 16], "texture": "#missing"},
				"up": {"uv": [0, 0, 16, 0], "rotation": 180, "texture": "#missing"},
				"down": {"uv": [0, 0, 16, 0], "rotation": 180, "texture": "#missing"}
			}
		},
		{
			"from": [1, 5, 7.5],
			"to": [2, 11, 8.5],
			"rotation": {"angle": 0, "axis": "y", "origin": [8, 8, 8.5]},
			"faces": {
				"north": {"uv": [1, 5, 2, 11], "texture": "#0"},
				"east": {"uv": [1, 5, 2, 11], "texture": "#0"},
				"south": {"uv": [1, 5, 2, 11], "texture": "#0"},
				"west": {"uv": [1, 5, 2, 11], "texture": "#0"},
				"up": {"uv": [1, 5, 2, 11], "texture": "#0"},
				"down": {"uv": [1, 5, 2, 11], "texture": "#0"}
			}
		},
		{
			"from": [14, 5, 7.5],
			"to": [15, 11, 8.5],
			"rotation": {"angle": 0, "axis": "y", "origin": [8, 8, 8.5]},
			"faces": {
				"north": {"uv": [1, 5, 2, 11], "texture": "#0"},
				"east": {"uv": [1, 5, 2, 11], "texture": "#0"},
				"south": {"uv": [1, 5, 2, 11], "texture": "#0"},
				"west": {"uv": [1, 5, 2, 11], "texture": "#0"},
				"up": {"uv": [1, 5, 2, 11], "texture": "#0"},
				"down": {"uv": [1, 5, 2, 11], "texture": "#0"}
			}
		},
		{
			"from": [13, 11, 7.5],
			"to": [14, 12, 8.5],
			"rotation": {"angle": 0, "axis": "y", "origin": [8, 8, 8.5]},
			"faces": {
				"north": {"uv": [13, 4, 14, 5], "texture": "#0"},
				"east": {"uv": [13, 4, 14, 5], "texture": "#0"},
				"south": {"uv": [13, 4, 14, 5], "texture": "#0"},
				"west": {"uv": [13, 4, 14, 5], "texture": "#0"},
				"up": {"uv": [13, 4, 14, 5], "texture": "#0"},
				"down": {"uv": [13, 4, 14, 5], "texture": "#0"}
			}
		},
		{
			"from": [2, 11, 7.5],
			"to": [3, 12, 8.5],
			"rotation": {"angle": 0, "axis": "y", "origin": [8, 8, 8.5]},
			"faces": {
				"north": {"uv": [13, 4, 14, 5], "texture": "#0"},
				"east": {"uv": [13, 4, 14, 5], "texture": "#0"},
				"south": {"uv": [13, 4, 14, 5], "texture": "#0"},
				"west": {"uv": [13, 4, 14, 5], "texture": "#0"},
				"up": {"uv": [13, 4, 14, 5], "texture": "#0"},
				"down": {"uv": [13, 4, 14, 5], "texture": "#0"}
			}
		},
		{
			"from": [2, 4, 7.5],
			"to": [3, 5, 8.5],
			"rotation": {"angle": 0, "axis": "y", "origin": [8, 8, 8.5]},
			"faces": {
				"north": {"uv": [13, 4, 14, 5], "texture": "#0"},
				"east": {"uv": [13, 4, 14, 5], "texture": "#0"},
				"south": {"uv": [13, 4, 14, 5], "texture": "#0"},
				"west": {"uv": [13, 4, 14, 5], "texture": "#0"},
				"up": {"uv": [13, 4, 14, 5], "texture": "#0"},
				"down": {"uv": [13, 4, 14, 5], "texture": "#0"}
			}
		},
		{
			"from": [13, 4, 7.5],
			"to": [14, 5, 8.5],
			"rotation": {"angle": 0, "axis": "y", "origin": [8, 8, 8.5]},
			"faces": {
				"north": {"uv": [13, 4, 14, 5], "texture": "#0"},
				"east": {"uv": [13, 4, 14, 5], "texture": "#0"},
				"south": {"uv": [13, 4, 14, 5], "texture": "#0"},
				"west": {"uv": [13, 4, 14, 5], "texture": "#0"},
				"up": {"uv": [13, 4, 14, 5], "texture": "#0"},
				"down": {"uv": [13, 4, 14, 5], "texture": "#0"}
			}
		},
		{
			"from": [3, 3, 7.5],
			"to": [5, 4, 8.5],
			"rotation": {"angle": 0, "axis": "y", "origin": [8, 8, 8.5]},
			"faces": {
				"north": {"uv": [13, 4, 14, 5], "texture": "#0"},
				"east": {"uv": [13, 4, 14, 5], "texture": "#0"},
				"south": {"uv": [13, 4, 14, 5], "texture": "#0"},
				"west": {"uv": [13, 4, 14, 5], "texture": "#0"},
				"up": {"uv": [13, 4, 14, 5], "texture": "#0"},
				"down": {"uv": [13, 4, 14, 5], "texture": "#0"}
			}
		},
		{
			"from": [11, 3, 7.5],
			"to": [13, 4, 8.5],
			"rotation": {"angle": 0, "axis": "y", "origin": [8, 8, 8.5]},
			"faces": {
				"north": {"uv": [13, 4, 14, 5], "texture": "#0"},
				"east": {"uv": [13, 4, 14, 5], "texture": "#0"},
				"south": {"uv": [13, 4, 14, 5], "texture": "#0"},
				"west": {"uv": [13, 4, 14, 5], "texture": "#0"},
				"up": {"uv": [13, 4, 14, 5], "texture": "#0"},
				"down": {"uv": [13, 4, 14, 5], "texture": "#0"}
			}
		},
		{
			"from": [5, 2, 7.5],
			"to": [11, 3, 8.5],
			"rotation": {"angle": 0, "axis": "y", "origin": [8, 8, 8.5]},
			"faces": {
				"north": {"uv": [13, 4, 14, 5], "texture": "#0"},
				"east": {"uv": [13, 4, 14, 5], "texture": "#0"},
				"south": {"uv": [13, 4, 14, 5], "texture": "#0"},
				"west": {"uv": [13, 4, 14, 5], "texture": "#0"},
				"up": {"uv": [13, 4, 14, 5], "texture": "#0"},
				"down": {"uv": [13, 4, 14, 5], "texture": "#0"}
			}
		},
		{
			"from": [3, 12, 7.5],
			"to": [5, 13, 8.5],
			"rotation": {"angle": 0, "axis": "y", "origin": [8, 8, 8.5]},
			"faces": {
				"north": {"uv": [3, 3, 5, 4], "texture": "#0"},
				"east": {"uv": [3, 3, 5, 4], "texture": "#0"},
				"south": {"uv": [3, 3, 5, 4], "texture": "#0"},
				"west": {"uv": [3, 3, 5, 4], "texture": "#0"},
				"up": {"uv": [3, 3, 5, 4], "texture": "#0"},
				"down": {"uv": [3, 3, 5, 4], "texture": "#0"}
			}
		},
		{
			"from": [11, 12, 7.5],
			"to": [13, 13, 8.5],
			"rotation": {"angle": 0, "axis": "y", "origin": [8, 8, 8.5]},
			"faces": {
				"north": {"uv": [3, 3, 5, 4], "texture": "#0"},
				"east": {"uv": [3, 3, 5, 4], "texture": "#0"},
				"south": {"uv": [3, 3, 5, 4], "texture": "#0"},
				"west": {"uv": [3, 3, 5, 4], "texture": "#0"},
				"up": {"uv": [3, 3, 5, 4], "texture": "#0"},
				"down": {"uv": [3, 3, 5, 4], "texture": "#0"}
			}
		},
		{
			"from": [5, 13, 7.5],
			"to": [11, 14, 8.5],
			"rotation": {"angle": 0, "axis": "y", "origin": [8, 8, 8.5]},
			"faces": {
				"north": {"uv": [5, 2, 11, 3], "texture": "#0"},
				"east": {"uv": [5, 2, 11, 3], "texture": "#0"},
				"south": {"uv": [5, 2, 11, 3], "texture": "#0"},
				"west": {"uv": [5, 2, 11, 3], "texture": "#0"},
				"up": {"uv": [5, 2, 11, 3], "texture": "#0"},
				"down": {"uv": [5, 2, 11, 3], "texture": "#0"}
			}
		}
	],
	"gui_light": "front",
	"display": {
		"thirdperson_righthand": {
			"translation": [0, 3, 1],
			"scale": [0.55, 0.55, 0.55]
		},
		"thirdperson_lefthand": {
			"translation": [0, 3, 1],
			"scale": [0.55, 0.55, 0.55]
		},
		"firstperson_righthand": {
			"rotation": [0, -90, 25],
			"translation": [1.13, 13, 1.13],
			"scale": [0.68, 0.68, 0.68]
		},
		"firstperson_lefthand": {
			"rotation": [0, -90, 25],
			"translation": [1.13, 3.2, 1.13],
			"scale": [0.68, 0.68, 0.68]
		},
		"ground": {
			"translation": [0, 2, 0],
			"scale": [0.5, 0.5, 0.5]
		},
		"head": {
			"rotation": [0, 180, 0],
			"translation": [0, 13, 7]
		},
		"fixed": {
			"rotation": [0, 180, 0]
		}
	},
	"groups": [
		{
			"name": "group",
			"origin": [0, 0, 0],
			"color": 0,
			"nbt": "{}",
			"children": [0, 1, 2, 3, 4, 5, 6, 7, 8, 9, 10, 11, 12, 13]
		}
	]
}