{
	"parent": "item/generated",
	"textures": {
		"layer0": "minecraft:item/white_dye"
	},
	"overrides": [
		{
			"predicate": {
				"custom_model_data": 1
			},
			"model": "animated_java:empty"
		},
		{
			"predicate": {
				"custom_model_data": 2
			},
			"model": "animated_java:item/player/bone"
		},
		{
			"predicate": {
				"custom_model_data": 3
			},
			"model": "animated_java:item/player/bone2"
		},
		{
			"predicate": {
				"custom_model_data": 4
			},
			"model": "animated_java:item/player/steve"
		},
		{
			"predicate": {
				"custom_model_data": 6
			},
			"model": "animated_java:item/shadow/right_arm"
		},
		{
			"predicate": {
				"custom_model_data": 7
			},
			"model": "animated_java:item/shadow/left_arm"
		},
		{
			"predicate": {
				"custom_model_data": 8
			},
			"model": "animated_java:item/shadow/steve"
		}
	],
	"animated_java": {
		"player": [1, 2, 3, 4],
		"shadow": [6, 7, 8]
	}
}